Workbook

Sheet Portfolio_Model
B1: SPY | C1: EFA | D1: EEM | E1: AGG | F1: TLT | G1: VNQ | H1: GLD | I1: IWM | J1: Total Weight | L1: Efficient Frontier Data
B2: 0.57599068 | C2: 0 | D2: 0 | E2: 0 | F2: 0 | G2: 0 | H2: 0.42400932 | I2: 0 | J2: =SUM(B2:I2) -> 1 | L2: Target Return | M2: Portfolio Volatility | N2: Portfolio Return
B3: =Returns!B66 -> 0.1163211 | C3: =Returns!C66 -> 0.035915804 | D3: =Returns!D66 -> -0.023145198 | E3: =Returns!E66 -> -0.016197849 | F3: =Returns!F66 -> -0.050145584 | G3: =Returns!G66 -> 0.0011476421 | H3: =Returns!H66 -> 0.082504197 | I3: =Returns!I66 -> 0.051543865 | L3: 0.05 | M3: 0.091 | N3: 0.05
L4: 0.06 | M4: 0.098 | N4: 0.06
B5: Expected Portfolio Return | C5: =SUMPRODUCT(B2:I2, B3:I3) -> 0.10198242 | L5: 0.07 | M5: 0.1052 | N5: 0.07
B6: Portfolio Variance | C6: {=MMULT(B2:I2, MMULT(Matrices!B2:I9, TRANSPOSE(B2:I2))) * 12} -> 0.017829021 | L6: 0.08 | M6: 0.1127 | N6: 0.08
B7: Portfolio Volatility (S-DEV) | C7: =SQRT(C6) -> 0.13352536 | L7: 0.09 | M7: 0.1204 | N7: 0.09
B8: Sharpe Ratio (4% Risk Free Rate) | C8: =(C5 - 0.04) / C7 -> 0.46419961 | L8: 0.1 | M8: 0.1297 | N8: 0.1
L9: 0.11 | M9: 0.1572 | N9: 0.11
C35: Ticker | D35: Baseline (Equal Weight) | E35: Optimized (Max Sharp)
C36: SPY | D36: 0.125 | E36: 0.576
C37: EFA | D37: 0.125 | E37: 0
C38: EEM | D38: 0.125 | E38: 0
C39: AGG | D39: 0.125 | E39: 0
C40: TLT | D40: 0.125 | E40: 0
C41: VNQ | D41: 0.125 | E41: 0
C42: GLD | D42: 0.125 | E42: 0.424
C43: IWM | D43: 0.125 | E43: 0

Sheet Correlation_Heatmap
B1: SPY | C1: EFA | D1: EEM | E1: AGG | F1: TLT | G1: VNQ | H1: GLD | I1: IWM
A2: SPY | B2: 1 | C2: =B3 -> 0.89801074 | D2: =B4 -> 0.73762919 | E2: =B5 -> 0.49333398 | F2: =B6 -> 0.18854058 | G2: =B7 -> 0.8595999 | H2: =B8 -> 0.24829754 | I2: =B9 -> 0.88447666
A3: EFA | B3: 0.89801074 | C3: 1 | D3: =C4 -> 0.83251475 | E3: =C5 -> 0.53049012 | F3: =C6 -> 0.18728557 | G3: =C7 -> 0.81812415 | H3: =C8 -> 0.27417858 | I3: =C9 -> 0.83951758 | M3: Heat Map Key
A4: EEM | B4: 0.73762919 | C4: 0.83251475 | D4: 1 | E4: =D5 -> 0.49638347 | F4: =D6 -> 0.19271785 | G4: =D7 -> 0.67649777 | H4: =D8 -> 0.33877192 | I4: =D9 -> 0.75315267
A5: AGG | B5: 0.49333398 | C5: 0.53049012 | D5: 0.49638347 | E5: 1 | F5: =E6 -> 0.86164658 | G5: =E7 -> 0.571663 | H5: =E8 -> 0.4473831 | I5: =E9 -> 0.36501056
A6: TLT | B6: 0.18854058 | C6: 0.18728557 | D6: 0.19271785 | E6: 0.86164658 | F6: 1 | G6: =F7 -> 0.33671431 | H6: =F8 -> 0.43366999 | I6: =F9 -> 0.050174891
A7: VNQ | B7: 0.8595999 | C7: 0.81812415 | D7: 0.67649777 | E7: 0.571663 | F7: 0.33671431 | G7: 1 | H7: =G8 -> 0.27899894 | I7: =G9 -> 0.80767468
A8: GLD | B8: 0.24829754 | C8: 0.27417858 | D8: 0.33877192 | E8: 0.4473831 | F8: 0.43366999 | G8: 0.27899894 | H8: 1 | I8: =H9 -> 0.083471816
A9: IWM | B9: 0.88447666 | C9: 0.83951758 | D9: 0.75315267 | E9: 0.36501056 | F9: 0.050174891 | G9: 0.80767468 | H9: 0.083471816 | I9: 1

Sheet Matrices
B1: SPY | C1: EFA | D1: EEM | E1: AGG | F1: TLT | G1: VNQ | H1: GLD | I1: IWM
A2: SPY | B2: =VARP(Returns!$B$2:$B$61) -> 0.002781669 | C2: 0.0024323554 | D2: 0.0020872747 | E2: 0.00046149707 | F2: 0.00045043509 | G2: 0.0027539683 | H2: 0.00053593685 | I2: 0.0032318791
A3: EFA | B3: 0.0024323554 | C3: =VARP(Returns!$C$2:$C$61) -> 0.0026374581 | D3: 0.0022938949 | E3: 0.00048322043 | F3: 0.00043568414 | G3: 0.002552242 | H3: 0.0005762551 | I3: 0.0029870231
A4: EEM | B4: 0.0020872747 | C4: 0.0022938949 | D4: =VARP(Returns!$D$2:$D$61) -> 0.0028785752 | E4: 0.0004723689 | F4: 0.00046836602 | G4: 0.0022047787 | H4: 0.00074384883 | I4: 0.0027995474
A5: AGG | B5: 0.00046149707 | C5: 0.00048322043 | D5: 0.0004723689 | E5: =VARP(Returns!$E$2:$E$61) -> 0.00031459397 | F5: 0.00069227558 | G5: 0.00061592117 | H5: 0.00032474558 | I5: 0.00044853531
A6: TLT | B6: 0.00045043509 | C6: 0.00043568414 | D6: 0.00046836602 | E6: 0.00069227558 | F6: =VARP(Returns!$F$2:$F$61) -> 0.0020518674 | G6: 0.00092650137 | H6: 0.0008039379 | I6: 0.00015746248
A7: VNQ | B7: 0.0027539683 | C7: 0.002552242 | D7: 0.0022047787 | E7: 0.00061592117 | F7: 0.00092650137 | G7: =VARP(Returns!$G$2:$G$61) -> 0.0036899434 | H7: 0.0006935869 | I7: 0.0033990874
A8: GLD | B8: 0.00053593685 | C8: 0.0005762551 | D8: 0.00074384883 | E8: 0.00032474558 | F8: 0.0008039379 | G8: 0.0006935869 | H8: =VARP(Returns!$H$2:$H$61) -> 0.001674854 | I8: 0.00023667062
A9: IWM | B9: 0.0032318791 | C9: 0.0029870231 | D9: 0.0027995474 | E9: 0.00044853531 | F9: 0.00015746248 | G9: 0.0033990874 | H9: 0.00023667062 | I9: =VARP(Returns!$I$2:$I$61) -> 0.004799898

Sheet Returns
A1: Date | B1: SPY | C1: EFA | D1: EEM | E1: AGG | F1: TLT | G1: VNQ | H1: GLD | I1: IWM
A2: =Historical_Data!A3 -> 43497 | B2: =LN(Historical_Data!B3 / Historical_Data!B2) -> 0.031901504 | C2: =LN(Historical_Data!C3 / Historical_Data!C2) -> 0.025050542 | D2: =LN(Historical_Data!D3 / Historical_Data!D2) -> -0.015431683 | E2: =LN(Historical_Data!E3 / Historical_Data!E2) -> -0.0036358591 | F2: =LN(Historical_Data!F3 / Historical_Data!F2) -> -0.0026317969 | G2: =LN(Historical_Data!G3 / Historical_Data!G2) -> 0.0069295379 | H2: =LN(Historical_Data!H3 / Historical_Data!H2) -> -0.0061108174 | I2: =LN(Historical_Data!I3 / Historical_Data!I2) -> 0.050494639
A3: =Historical_Data!A4 -> 43525 | B3: =LN(Historical_Data!B4 / Historical_Data!B3) -> 0.013543581 | C3: =LN(Historical_Data!C4 / Historical_Data!C3) -> 0.0091381415 | D3: =LN(Historical_Data!D4 / Historical_Data!D3) -> 0.011246604 | E3: =LN(Historical_Data!E4 / Historical_Data!E3) -> 0.018507052 | F3: =LN(Historical_Data!F4 / Historical_Data!F3) -> 0.051206821 | G3: =LN(Historical_Data!G4 / Historical_Data!G3) -> 0.034175356 | H3: =LN(Historical_Data!H4 / Historical_Data!H3) -> -0.016097909 | I3: =LN(Historical_Data!I4 / Historical_Data!I3) -> -0.023817565
A4: =Historical_Data!A5 -> 43556 | B4: =LN(Historical_Data!B5 / Historical_Data!B4) -> 0.040040041 | C4: =LN(Historical_Data!C5 / Historical_Data!C4) -> 0.028872998 | D4: =LN(Historical_Data!D5 / Historical_Data!D4) -> 0.02325954 | E4: =LN(Historical_Data!E5 / Historical_Data!E4) -> -0.0044105557 | F4: =LN(Historical_Data!F5 / Historical_Data!F4) -> -0.023031369 | G4: =LN(Historical_Data!G5 / Historical_Data!G4) -> -0.0016121606 | H4: =LN(Historical_Data!H5 / Historical_Data!H4) -> -0.006660935 | I4: =LN(Historical_Data!I5 / Historical_Data!I4) -> 0.03340281
A5: =Historical_Data!A6 -> 43586 | B5: =LN(Historical_Data!B6 / Historical_Data!B5) -> -0.065895358 | C5: =LN(Historical_Data!C6 / Historical_Data!C5) -> -0.051640237 | D5: =LN(Historical_Data!D6 / Historical_Data!D5) -> -0.076123695 | E5: =LN(Historical_Data!E6 / Historical_Data!E5) -> 0.016530812 | F5: =LN(Historical_Data!F6 / Historical_Data!F5) -> 0.055440009 | G5: =LN(Historical_Data!G6 / Historical_Data!G5) -> 0.001382011 | H5: =LN(Historical_Data!H6 / Historical_Data!H5) -> 0.017421616 | I5: =LN(Historical_Data!I6 / Historical_Data!I5) -> -0.081781536
A6: =Historical_Data!A7 -> 43617 | B6: =LN(Historical_Data!B7 / Historical_Data!B6) -> 0.062420175 | C6: =LN(Historical_Data!C7 / Historical_Data!C6) -> 0.036091581 | D6: =LN(Historical_Data!D7 / Historical_Data!D6) -> 0.052631136 | E6: =LN(Historical_Data!E7 / Historical_Data!E6) -> 0.0085682599 | F6: =LN(Historical_Data!F7 / Historical_Data!F6) -> -0.0018195608 | G6: =LN(Historical_Data!G7 / Historical_Data!G6) -> 0.0058523318 | H6: =LN(Historical_Data!H7 / Historical_Data!H6) -> 0.076988069 | I6: =LN(Historical_Data!I7 / Historical_Data!I6) -> 0.063998474
A7: =Historical_Data!A8 -> 43647 | B7: =LN(Historical_Data!B8 / Historical_Data!B7) -> 0.015006294 | C7: =LN(Historical_Data!C8 / Historical_Data!C7) -> -0.019665713 | D7: =LN(Historical_Data!D8 / Historical_Data!D7) -> -0.02692652 | E7: =LN(Historical_Data!E8 / Historical_Data!E7) -> -0.00044913542 | F7: =LN(Historical_Data!F8 / Historical_Data!F7) -> 0.00053104731 | G7: =LN(Historical_Data!G8 / Historical_Data!G7) -> 0.016904368 | H7: =LN(Historical_Data!H8 / Historical_Data!H7) -> 7.5072257e-05 | I7: =LN(Historical_Data!I8 / Historical_Data!I7) -> 0.0067935915
A8: =Historical_Data!A9 -> 43678 | B8: =LN(Historical_Data!B9 / Historical_Data!B8) -> -0.016885191 | C8: =LN(Historical_Data!C9 / Historical_Data!C8) -> -0.019427213 | D8: =LN(Historical_Data!D9 / Historical_Data!D8) -> -0.03856017 | E8: =LN(Historical_Data!E9 / Historical_Data!E8) -> 0.025108891 | F8: =LN(Historical_Data!F9 / Historical_Data!F8) -> 0.097892426 | G8: =LN(Historical_Data!G9 / Historical_Data!G8) -> 0.036777377 | H8: =LN(Historical_Data!H9 / Historical_Data!H8) -> 0.076148849 | I8: =LN(Historical_Data!I9 / Historical_Data!I8) -> -0.05056742
A9: =Historical_Data!A10 -> 43709 | B9: =LN(Historical_Data!B10 / Historical_Data!B9) -> 0.014663716 | C9: =LN(Historical_Data!C10 / Historical_Data!C9) -> 0.031150315 | D9: =LN(Historical_Data!D10 / Historical_Data!D9) -> 0.016778089 | E9: =LN(Historical_Data!E10 / Historical_Data!E9) -> -0.0084470366 | F9: =LN(Historical_Data!F10 / Historical_Data!F9) -> -0.046307175 | G9: =LN(Historical_Data!G10 / Historical_Data!G9) -> 0.011107032 | H9: =LN(Historical_Data!H10 / Historical_Data!H9) -> -0.034537436 | I9: =LN(Historical_Data!I10 / Historical_Data!I9) -> 0.016657058
A10: =Historical_Data!A11 -> 43739 | B10: =LN(Historical_Data!B11 / Historical_Data!B10) -> 0.021863894 | C10: =LN(Historical_Data!C11 / Historical_Data!C10) -> 0.033328878 | D10: =LN(Historical_Data!D11 / Historical_Data!D10) -> 0.040988362 | E10: =LN(Historical_Data!E11 / Historical_Data!E10) -> -0.0001767409 | F10: =LN(Historical_Data!F11 / Historical_Data!F10) -> -0.0041865226 | G10: =LN(Historical_Data!G11 / Historical_Data!G10) -> 0.011197131 | H10: =LN(Historical_Data!H11 / Historical_Data!H10) -> 0.025312407 | I10: =LN(Historical_Data!I11 / Historical_Data!I10) -> 0.026795175
A11: =Historical_Data!A12 -> 43770 | B11: =LN(Historical_Data!B12 / Historical_Data!B11) -> 0.035558438 | C11: =LN(Historical_Data!C12 / Historical_Data!C11) -> 0.011209557 | D11: =LN(Historical_Data!D12 / Historical_Data!D11) -> -0.00093984969 | E11: =LN(Historical_Data!E12 / Historical_Data!E11) -> -0.0025662595 | F11: =LN(Historical_Data!F12 / Historical_Data!F11) -> -0.0055124532 | G11: =LN(Historical_Data!G12 / Historical_Data!G11) -> -0.013129291 | H11: =LN(Historical_Data!H12 / Historical_Data!H11) -> -0.032611973 | I11: =LN(Historical_Data!I12 / Historical_Data!I11) -> 0.039851437
A12: =Historical_Data!A13 -> 43800 | B12: =LN(Historical_Data!B13 / Historical_Data!B12) -> 0.023736908 | C12: =LN(Historical_Data!C13 / Historical_Data!C12) -> 0.018311804 | D12: =LN(Historical_Data!D13 / Historical_Data!D12) -> 0.05332461 | E12: =LN(Historical_Data!E13 / Historical_Data!E12) -> -0.0043511146 | F12: =LN(Historical_Data!F13 / Historical_Data!F12) -> -0.012957247 | G12: =LN(Historical_Data!G13 / Historical_Data!G12) -> -0.0030130228 | H12: =LN(Historical_Data!H13 / Historical_Data!H12) -> 0.035906407 | I12: =LN(Historical_Data!I13 / Historical_Data!I12) -> 0.023822285
A13: =Historical_Data!A14 -> 43831 | B13: =LN(Historical_Data!B14 / Historical_Data!B13) -> -0.00040398391 | C13: =LN(Historical_Data!C14 / Historical_Data!C13) -> -0.028631813 | D13: =LN(Historical_Data!D14 / Historical_Data!D13) -> -0.063484178 | E13: =LN(Historical_Data!E14 / Historical_Data!E13) -> 0.020087011 | F13: =LN(Historical_Data!F14 / Historical_Data!F13) -> 0.065587926 | G13: =LN(Historical_Data!G14 / Historical_Data!G13) -> 0.012210949 | H13: =LN(Historical_Data!H14 / Historical_Data!H13) -> 0.044013537 | I13: =LN(Historical_Data!I14 / Historical_Data!I13) -> -0.031517017
... A61: =Historical_Data!A62 -> 45292 | B61: =LN(Historical_Data!B62 / Historical_Data!B61) -> 0.015800953 | C61: =LN(Historical_Data!C62 / Historical_Data!C61) -> -0.0045224871 | D61: =LN(Historical_Data!D62 / Historical_Data!D61) -> -0.046318712 | E61: =LN(Historical_Data!E62 / Historical_Data!E61) -> -0.0015124782 | F61: =LN(Historical_Data!F62 / Historical_Data!F61) -> -0.04266515 | G61: =LN(Historical_Data!G62 / Historical_Data!G61) -> -0.051912962 | H61: =LN(Historical_Data!H62 / Historical_Data!H61) -> -0.014330365 | I61: =LN(Historical_Data!I62 / Historical_Data!I61) -> -0.039792846
A64: Mean Monthly Return | B64: =AVERAGE(B2:B61) -> 0.0096934252 | C64: =AVERAGE(C2:C61) -> 0.0029929837 | D64: =AVERAGE(D2:D61) -> -0.0019287665 | E64: =AVERAGE(E2:E61) -> -0.0013498207 | F64: =AVERAGE(F2:F61) -> -0.0041787986 | G64: =AVERAGE(G2:G61) -> 9.5636843e-05 | H64: =AVERAGE(H2:H61) -> 0.0068753498 | I64: =AVERAGE(I2:I61) -> 0.0042953221
A65: Monthly Volatility | B65: =_xlfn.STDEV.S(B2:B61) -> 0.053186614 | C65: =_xlfn.STDEV.S(C2:C61) -> 0.051789582 | D65: =_xlfn.STDEV.S(D2:D61) -> 0.054105126 | E65: =_xlfn.STDEV.S(E2:E61) -> 0.017886477 | F65: =_xlfn.STDEV.S(F2:F61) -> 0.045679807 | G65: =_xlfn.STDEV.S(G2:G61) -> 0.061257528 | H65: =_xlfn.STDEV.S(H2:H61) -> 0.041270345 | I65: =_xlfn.STDEV.S(I2:I61) -> 0.069865959
A66: Annualized Expected Return | B66: =B64 * 12 -> 0.1163211 | C66: =C64 * 12 -> 0.035915804 | D66: =D64 * 12 -> -0.023145198 | E66: =E64 * 12 -> -0.016197849 | F66: =F64 * 12 -> -0.050145584 | G66: =G64 * 12 -> 0.0011476421 | H66: =H64 * 12 -> 0.082504197 | I66: =I64 * 12 -> 0.051543865
A67: Annualized Volatility | B67: =B65 * SQRT(12) -> 0.18424384 | C67: =C65 * SQRT(12) -> 0.17940437 | D67: =D65 * SQRT(12) -> 0.18742565 | E67: =E65 * SQRT(12) -> 0.061960575 | F67: =F65 * SQRT(12) -> 0.15823949 | G67: =G65 * SQRT(12) -> 0.2122023 | H67: =H65 * SQRT(12) -> 0.14296467 | I67: =I65 * SQRT(12) -> 0.24202278

Sheet Historical_Data
A1: Dates | B1: SPY | C1: EFA | D1: EEM | E1: AGG | F1: TLT | G1: VNQ | H1: GLD | I1: IWM
A2: {=_xlfn.STOCKHISTORY("SPY", "2019-01-01", "2024-01-01", 2, 0, 0, 1)} -> 43466 | B2: 269.93 | C2: {=_xlfn.STOCKHISTORY("EFA", "2019-01-01", "2024-01-01", 2, 0, 1)} -> 62.68 | D2: {=_xlfn.STOCKHISTORY("EEM", "2019-01-01", "2024-01-01", 2, 0, 1)} -> 43.1 | E2: {=_xlfn.STOCKHISTORY("AGG", "2019-01-01", "2024-01-01", 2, 0, 1)} -> 107.46 | F2: 121.75 | G2: {=_xlfn.STOCKHISTORY("VNQ", "2019-01-01", "2024-01-01", 2, 0, 1)} -> 83.41 | H2: {=_xlfn.STOCKHISTORY("GLD", "2019-01-01", "2024-01-01", 2, 0, 1)} -> 124.75 | I2: {=_xlfn.STOCKHISTORY("IWM", "2019-01-01", "2024-01-01", 2, 0, 1)} -> 149.06
A3: 43497 | B3: 278.68 | C3: 64.27 | D3: 42.44 | E3: 107.07 | F3: 121.43 | G3: 83.99 | H3: 123.99 | I3: 156.78
A4: 43525 | B4: 282.48 | C4: 64.86 | D4: 42.92 | E4: 109.07 | F4: 127.81 | G4: 86.91 | H4: 122.01 | I4: 153.09
A5: 43556 | B5: 294.02 | C5: 66.76 | D5: 43.93 | E5: 108.59 | F5: 124.9 | G5: 86.77 | H5: 121.2 | I5: 158.29
A6: 43586 | B6: 275.27 | C6: 63.4 | D6: 40.71 | E6: 110.4 | F6: 132.02 | G6: 86.89 | H6: 123.33 | I6: 145.86
A7: 43617 | B7: 293 | C7: 65.73 | D7: 42.91 | E7: 111.35 | F7: 131.78 | G7: 87.4 | H7: 133.2 | I7: 155.5
A8: 43647 | B8: 297.43 | C8: 64.45 | D8: 41.77 | E8: 111.3 | F8: 131.85 | G8: 88.89 | H8: 133.21 | I8: 156.56
A9: 43678 | B9: 292.45 | C9: 63.21 | D9: 40.19 | E9: 114.13 | F9: 145.41 | G9: 92.22 | H9: 143.75 | I9: 148.84
A10: 43709 | B10: 296.77 | C10: 65.21 | D10: 40.87 | E10: 113.17 | F10: 138.83 | G10: 93.25 | H10: 138.87 | I10: 151.34
A11: 43739 | B11: 303.33 | C11: 67.42 | D11: 42.58 | E11: 113.15 | F11: 138.25 | G11: 94.3 | H11: 142.43 | I11: 155.45
A12: 43770 | B12: 314.31 | C12: 68.18 | D12: 42.54 | E12: 112.86 | F12: 137.49 | G12: 93.07 | H12: 137.86 | I12: 161.77
A13: 43800 | B13: 321.86 | C13: 69.44 | D13: 44.87 | E13: 112.37 | F13: 135.72 | G13: 92.79 | H13: 142.9 | I13: 165.67
A14: 43831 | B14: 321.73 | C14: 67.48 | D14: 42.11 | E14: 114.65 | F14: 144.92 | G14: 93.93 | H14: 149.33 | I14: 160.53
... A62: 45292 | B62: 482.88 | C62: 75.01 | D62: 38.39 | E62: 99.1 | F62: 94.75 | G62: 83.89 | H62: 188.45 | I62: 192.88
